"PCCR","PRLZ","INDUS","NOX","AVR","AGE","DIS","RAD","TAX","TAX2","SUB","MEDV"
0.00632,18,2.97,0.538,6.575,65.2,4.09,1,296,77,0.06,24
0.02731,3.873,9.079,0.469,6.421,78.9,4.967,2,242,54,0.41,21.6
0.02729,3.873,8.184,0.469,7.185,61.1,4.967,2,242,53,0.08,34.7
0.03237,3.873,2.775,0.458,6.998,45.8,6.062,3,222,60,0.45,33.4
0.06905,3.873,2.322,0.458,7.147,54.2,6.062,3,222,63,0.27,36.2
0.02985,3.873,2.721,0.458,6.43,58.7,6.062,3,222,52,0.37,28.7
0.08829,12.5,9.222,0.524,6.012,66.6,5.561,5,311,67,0.48,22.9
0.14455,12.5,8.491,0.524,6.172,96.1,5.95,5,311,77,0.02,27.1
0.21124,12.5,8.046,0.524,5.631,100,6.082,5,311,76,0.29,16.5
0.17004,12.5,9.979,0.524,6.004,85.9,6.592,5,311,73,0.35,18.9
0.22489,12.5,10.031,0.524,6.377,94.3,6.347,5,311,68,0.02,15
0.11747,12.5,9.447,0.524,6.009,82.9,6.227,5,311,69,0.35,18.9
0.09378,12.5,9.981,0.524,5.889,39,5.451,5,311,77,0.11,21.7
0.62976,3.873,9.38,0.538,5.949,61.8,4.707,4,307,76,0.42,20.4
0.63796,3.873,8.262,0.538,6.096,84.5,4.462,4,307,66,0.03,18.2
0.62739,3.873,9.043,0.538,5.834,56.5,4.499,4,307,81,0.47,19.9
1.05393,3.873,8.909,0.538,5.935,29.3,4.499,4,307,71,0.4,23.1
0.7842,3.873,10.564,0.538,5.99,81.7,4.258,4,307,67,0.38,17.5
0.80271,3.873,10.193,0.538,5.456,36.6,3.796,4,307,72,0.06,20.2
0.7258,3.873,10.339,0.538,5.727,69.5,3.796,4,307,68,0.36,18.2
1.25179,3.873,9.947,0.538,5.57,98.1,3.798,4,307,73,0.3,13.6
0.85204,3.873,9.454,0.538,5.965,89.2,4.012,4,307,68,0.49,19.6
1.23247,3.873,8.408,0.538,6.142,91.7,3.977,4,307,67,0.19,15.2
0.98843,3.873,8.451,0.538,5.813,100,4.095,4,307,68,0.17,14.5
0.75026,3.873,9.515,0.538,5.924,94.1,4.4,4,307,70,0.33,15.6
0.84054,3.873,9.94,0.538,5.599,85.7,4.455,4,307,74,0.25,13.9
0.67191,3.873,10.31,0.538,5.813,90.3,4.682,4,307,67,0.38,16.6
0.95577,3.873,8.287,0.538,6.047,88.8,4.453,4,307,69,0.34,14.8
0.77299,3.873,9.721,0.538,6.495,94.4,4.455,4,307,76,0.09,18.4
1.00245,3.873,8.578,0.538,6.674,87.3,4.239,4,307,63,0.2,21
1.13081,3.873,9.589,0.538,5.713,94.1,4.233,4,307,69,0.33,12.7
1.35472,3.873,8.885,0.538,6.072,100,4.175,4,307,65,0.38,14.5
1.38799,3.873,9.125,0.538,5.95,82,3.99,4,307,77,0.49,13.2
1.15172,3.873,9.495,0.538,5.701,95,3.787,4,307,71,0.28,13.1
1.61282,3.873,9.072,0.538,6.096,96.9,3.76,4,307,70,0.35,13.5
0.06417,3.873,6.064,0.499,5.933,68.2,3.36,5,279,58,0.15,18.9
0.09744,3.873,6.042,0.499,5.841,61.4,3.378,5,279,72,0.01,20
0.08014,3.873,7.478,0.499,5.85,41.5,3.934,5,279,64,0.18,21
0.17505,3.873,6.681,0.499,5.966,30.2,3.847,5,279,70,0.28,24.7
0.02763,75,3.076,0.428,6.595,21.8,5.401,3,252,58,0.05,30.8
0.03359,75,3.453,0.428,7.024,15.8,5.401,3,252,64,0.05,34.9
0.12744,3.873,7.071,0.448,6.77,2.9,5.721,3,233,54,0.35,26.6
0.1415,3.873,8.379,0.448,6.169,6.6,5.721,3,233,60,0.37,25.3
0.15936,3.873,7.76,0.448,6.211,6.5,5.721,3,233,63,0.02,24.7
0.12269,3.873,7.389,0.448,6.069,40,5.721,3,233,60,0.21,21.2
0.17142,3.873,7.676,0.448,5.682,33.8,5.1,3,233,55,0.06,19.3
0.18836,3.873,8.382,0.448,5.786,33.3,5.1,3,233,58,0.05,20
0.22927,3.873,7.499,0.448,6.03,85.5,5.689,3,233,59,0.32,16.6
0.25387,3.873,7.773,0.448,5.399,95.3,5.87,3,233,52,0.34,14.4
0.21977,3.873,7.782,0.448,5.602,62,6.088,3,233,57,0.21,19.4
0.08873,21,6.025,0.439,5.963,45.7,6.815,4,243,58,0.43,19.7
0.04337,21,6.406,0.439,6.115,63,6.815,4,243,53,0.34,20.5
0.0536,21,6.204,0.439,6.511,21.1,6.815,4,243,51,0,25
0.04981,21,7.193,0.439,5.998,21.4,6.815,4,243,54,0.13,23.4
0.0136,75,4.277,0.41,5.888,47.6,7.32,3,469,103,0.49,18.9
0.01311,90,1.383,0.403,7.249,21.9,8.697,5,226,55,0.21,35.4
0.02055,85,0.851,0.41,6.383,35.7,9.188,2,313,66,0.42,24.7
0.01432,100,1.653,0.411,6.816,40.5,8.325,5,256,63,0.21,31.6
0.15445,25,5.976,0.453,6.145,29.2,7.815,8,284,65,0.08,23.3
0.10328,25,5.435,0.453,5.927,47.2,6.932,8,284,64,0.41,19.6
0.14932,25,5.968,0.453,5.741,66.2,7.225,8,284,72,0.42,18.7
0.17171,25,5.498,0.453,5.966,93.4,6.819,8,284,74,0.39,16
0.11027,25,5.383,0.453,6.456,67.8,7.226,8,284,73,0.29,22.2
0.1265,25,6.431,0.453,6.762,43.4,7.981,8,284,76,0.12,25
0.01951,17.5,1.681,0.416,7.104,59.5,9.223,3,216,43,0.15,33
0.03584,80,4.338,0.398,6.29,17.8,6.612,4,337,73,0.45,23.5
0.04379,80,3.851,0.398,5.787,31.1,6.612,4,337,83,0.36,19.4
0.05789,12.5,6.37,0.409,5.878,21.4,6.498,4,345,83,0.11,22
0.13554,12.5,7.077,0.409,5.594,36.8,6.498,4,345,76,0.44,17.4
0.12816,12.5,7.16,0.409,5.885,33,6.498,4,345,80,0.36,20.9
0.08826,3.873,11.883,0.413,6.417,6.6,5.287,4,305,78,0.28,24.2
0.15876,3.873,14.038,0.413,5.961,17.5,5.287,4,305,70,0.02,21.7
0.09164,3.873,11.787,0.413,6.065,7.8,5.287,4,305,77,0.1,22.8
0.19539,3.873,13.361,0.413,6.245,6.2,5.287,4,305,80,0.22,23.4
0.07896,3.873,16.499,0.437,6.273,6,4.252,5,398,93,0.06,24.1
0.09512,3.873,14.582,0.437,6.286,45,4.503,5,398,95,0.22,21.4
0.10153,3.873,16.406,0.437,6.279,74.5,4.052,5,398,96,0.26,20
0.08707,3.873,16.247,0.437,6.14,45.8,4.09,5,398,87,0.43,20.8
0.05646,3.873,13.483,0.437,6.232,53.7,5.014,5,398,88,0.24,21.2
0.08387,3.873,14.587,0.437,5.874,36.6,4.503,5,398,97,0.23,20.3
0.04113,25,6.21,0.426,6.727,33.5,5.401,4,281,61,0.41,28
0.04462,25,5.142,0.426,6.619,70.4,5.401,4,281,66,0.31,23.9
0.03659,25,5.294,0.426,6.302,32.2,5.401,4,281,67,0.04,24.8
0.03551,25,5.555,0.426,6.167,46.7,5.401,4,281,66,0.03,22.9
0.05059,3.873,5.541,0.449,6.389,48,4.779,3,247,51,0.34,23.9
0.05735,3.873,4.984,0.449,6.63,56.1,4.438,3,247,52,0.22,26.6
0.05188,3.873,4.911,0.449,6.015,45.1,4.427,3,247,59,0.21,22.5
0.07151,3.873,5.644,0.449,6.121,56.8,3.748,3,247,51,0.24,22.2
0.0566,3.873,4.143,0.489,7.007,86.3,3.422,2,270,70,0.42,23.6
0.05302,3.873,4.201,0.489,7.079,63.1,3.414,2,270,70,0.47,28.7
0.04684,3.873,4.07,0.489,6.417,66.1,3.092,2,270,61,0.32,22.6
0.03932,3.873,3.959,0.489,6.405,73.9,3.092,2,270,66,0.27,22
0.04203,28,18.724,0.464,6.442,53.6,3.666,4,270,67,0.31,22.9
0.02875,28,15.809,0.464,6.211,28.9,3.666,4,270,59,0.33,25
0.04294,28,18.422,0.464,6.249,77.3,3.615,4,270,62,0.3,20.6
0.12204,3.873,3.531,0.445,6.625,57.8,3.495,2,276,56,0.19,28.4
0.11504,3.873,2.922,0.445,6.163,69.6,3.495,2,276,62,0.3,21.4
0.12083,3.873,3.149,0.445,8.069,76,3.495,2,276,69,0.32,38.7
0.08187,3.873,3.37,0.445,7.82,36.9,3.495,2,276,73,0.41,43.8
0.0686,3.873,2.9,0.445,7.416,62.5,3.495,2,276,63,0.33,33.2
0.14866,3.873,9.739,0.52,6.727,79.9,2.778,5,384,82,0.34,27.5
0.11432,3.873,10.135,0.52,6.781,71.3,2.856,5,384,93,0.14,26.5
0.22876,3.873,10.115,0.52,6.405,85.4,2.715,5,384,89,0.11,18.6
0.21161,3.873,8.94,0.52,6.137,87.4,2.715,5,384,97,0.02,19.3
0.1396,3.873,9.002,0.52,6.167,90,2.421,5,384,86,0.02,20.1
0.13262,3.873,10.356,0.52,5.851,96.7,2.107,5,384,85,0.02,19.5
0.1712,3.873,9.687,0.52,5.836,91.9,2.211,5,384,78,0.1,19.5
0.13117,3.873,9.037,0.52,6.127,85.2,2.122,5,384,92,0.41,20.4
0.12802,3.873,9.426,0.52,6.474,97.1,2.433,5,384,90,0.06,19.8
0.26363,3.873,10.479,0.52,6.229,91.2,2.545,5,384,96,0.27,19.4
0.10793,3.873,8.852,0.52,6.195,54.4,2.778,5,384,90,0.03,21.7
0.10084,3.873,12.659,0.547,6.715,81.6,2.678,6,432,103,0.42,22.8
0.12329,3.873,11.095,0.547,5.913,92.9,2.353,6,432,90,0.41,18.8
0.22212,3.873,12.796,0.547,6.092,95.4,2.548,6,432,91,0.22,18.7
0.14231,3.873,10.581,0.547,6.254,84.2,2.256,6,432,91,0.28,18.5
0.17134,3.873,12.725,0.547,5.928,88.2,2.463,6,432,92,0.1,18.3
0.13158,3.873,12.974,0.547,6.176,72.5,2.73,6,432,90,0.46,21.2
0.15098,3.873,10.285,0.547,6.021,82.6,2.747,6,432,89,0.19,19.2
0.13058,3.873,10.809,0.547,5.872,73.1,2.478,6,432,103,0.29,20.4
0.14476,3.873,12.063,0.547,5.731,65.2,2.759,6,432,94,0.41,19.3
0.06899,3.873,31.226,0.581,5.87,69.7,2.258,2,188,44,0.1,22
0.07165,3.873,30.046,0.581,6.004,84.1,2.197,2,188,50,0.03,20.3
0.09299,3.873,32.075,0.581,5.961,92.9,2.087,2,188,54,0.11,20.5
0.15038,3.873,30.342,0.581,5.856,97,1.944,2,188,48,0.16,17.3
0.09849,3.873,25.839,0.581,5.879,95.8,2.006,2,188,44,0.1,18.8
0.16902,3.873,28.995,0.581,5.986,88.4,1.993,2,188,47,0.29,21.4
0.38735,3.873,26.165,0.581,5.613,95.6,1.757,2,188,47,0.45,15.7
0.25915,3.873,24.921,0.624,5.693,96,1.788,4,437,102,0.1,16.2
0.32543,3.873,27.392,0.624,6.431,98.8,1.812,4,437,90,0.3,18
0.88125,3.873,26.336,0.624,5.637,94.7,1.98,4,437,107,0.18,14.3
0.34006,3.873,22.189,0.624,6.458,98.9,2.118,4,437,95,0.24,19.2
1.19294,3.873,27.874,0.624,6.326,97.7,2.271,4,437,98,0.07,19.6
0.59005,3.873,28.248,0.624,6.372,97.9,2.327,4,437,105,0.02,23
0.32982,3.873,27.461,0.624,5.822,95.4,2.47,4,437,101,0.2,18.4
0.97617,3.873,25.46,0.624,5.757,98.4,2.346,4,437,95,0.29,15.6
0.55778,3.873,26.31,0.624,6.335,98.2,2.111,4,437,102,0.03,18.1
0.32264,3.873,27.036,0.624,5.942,93.5,1.967,4,437,105,0.1,17.4
0.35233,3.873,22.916,0.624,6.454,98.4,1.85,4,437,93,0.03,17.1
0.2498,3.873,22.044,0.624,5.857,98.2,1.669,4,437,103,0.38,13.3
0.54452,3.873,22.293,0.624,6.151,97.9,1.669,4,437,99,0.33,17.8
0.2909,3.873,28.019,0.624,6.174,93.6,1.612,4,437,92,0.42,14
1.62864,3.873,22.368,0.624,5.019,100,1.439,4,437,100,0.5,14.4
3.32105,3.873,20.759,0.871,5.403,100,1.322,5,403,84,0.25,13.4
4.0974,3.873,20.546,0.871,5.468,100,1.412,5,403,96,0.46,15.6
2.77974,3.873,21.46,0.871,4.903,97.8,1.346,5,403,84,0.19,11.8
2.37934,3.873,21.855,0.871,6.13,100,1.419,5,403,94,0.32,13.8
2.15505,3.873,21.029,0.871,5.628,100,1.517,5,403,98,0.48,15.6
2.36862,3.873,25.04,0.871,4.926,95.7,1.461,5,403,86,0.17,14.6
2.33099,3.873,24.101,0.871,5.186,93.8,1.53,5,403,99,0.02,17.8
2.73397,3.873,23.05,0.871,5.597,94.9,1.526,5,403,84,0.25,15.4
1.6566,3.873,20.486,0.871,6.122,97.3,1.618,5,403,98,0.16,21.5
1.49632,3.873,25.119,0.871,5.404,100,1.592,5,403,85,0.29,19.6
1.12658,3.873,20.063,0.871,5.012,88,1.61,5,403,84,0.45,15.3
2.14918,3.873,22.797,0.871,5.709,98.5,1.623,5,403,96,0.07,19.4
1.41385,3.873,23.283,0.871,6.129,96,1.749,5,403,85,0.28,17
3.53501,3.873,20.76,0.871,6.152,82.6,1.746,5,403,96,0.2,15.6
2.44668,3.873,20.396,0.871,5.272,94,1.736,5,403,92,0.48,13.1
1.22358,3.873,21.144,0.605,6.943,97.4,1.877,5,403,92,0.36,41.3
1.34284,3.873,21.577,0.605,6.066,100,1.757,5,403,97,0.14,24.3
1.42502,3.873,22.804,0.871,6.51,100,1.766,5,403,96,0.27,23.3
1.27346,3.873,22.999,0.605,6.25,92.6,1.798,5,403,100,0.02,27
1.46336,3.873,21.742,0.605,7.489,90.8,1.971,5,403,85,0.31,15.6916294390082
1.83377,3.873,23.572,0.605,7.802,98.2,2.041,5,403,85,0.28,35.991896855971
1.51902,3.873,23.661,0.605,8.375,93.9,2.162,5,403,83,0.49,21.6903190819336
2.24236,3.873,24.318,0.605,5.854,91.8,2.422,5,403,97,0.49,22.7
2.924,3.873,24.095,0.605,6.101,93,2.283,5,403,94,0.17,25
2.01019,3.873,20.268,0.605,7.929,96.2,2.046,5,403,95,0.23,16.4361917118314
1.80028,3.873,24.829,0.605,5.877,79.2,2.426,5,403,84,0.45,23.8
2.3004,3.873,24.963,0.605,6.319,96.1,2.1,5,403,90,0.08,23.8
2.44953,3.873,21.996,0.605,6.402,95.2,2.263,5,403,91,0.03,22.3
1.20742,3.873,24.797,0.605,5.875,94.6,2.426,5,403,88,0.35,17.4
2.3139,3.873,20.305,0.605,5.88,97.3,2.389,5,403,98,0.3,19.1
0.13914,3.873,4.853,0.51,5.572,88.5,2.596,5,296,78,0.36,23.1
0.09178,3.873,4.976,0.51,6.416,84.1,2.646,5,296,61,0.42,23.6
0.08447,3.873,4.98,0.51,5.859,68.7,2.702,5,296,78,0.08,22.6
0.06664,3.873,4.882,0.51,6.546,33.1,3.132,5,296,69,0.06,29.4
0.07022,3.873,4.624,0.51,6.02,47.2,3.555,5,296,71,0.24,23.2
0.05425,3.873,5.172,0.51,6.315,73.4,3.317,5,296,69,0.42,24.6
0.06642,3.873,4.75,0.51,6.86,74.4,2.915,5,296,71,0.43,29.9
0.0578,3.873,3.073,0.488,6.98,58.4,2.829,3,193,55,0.17,37.2
0.06588,3.873,2.807,0.488,7.765,83.3,2.741,3,193,50,0.31,39.8
0.06888,3.873,3.123,0.488,6.144,62.2,2.598,3,193,41,0.24,36.2
0.09103,3.873,2.643,0.488,7.155,92.2,2.701,3,193,42,0.05,37.9
0.10008,3.873,2.952,0.488,6.563,95.6,2.847,3,193,57,0.45,32.5
0.08308,3.873,3.12,0.488,5.604,89.8,2.988,3,193,48,0.36,26.4
0.06047,3.873,2.547,0.488,6.153,68.8,3.28,3,193,53,0.03,29.6
0.05602,3.873,2.668,0.488,7.831,53.6,3.199,3,193,46,0.4,19.9096560858343
0.07875,45,4.218,0.437,6.782,41.1,3.789,5,398,96,0.34,32
0.12579,45,4.07,0.437,6.556,29.1,4.567,5,398,84,0.39,29.8
0.0837,45,3.879,0.437,7.185,38.9,4.567,5,398,94,0.32,34.9
0.09068,45,3.468,0.437,6.951,21.5,6.48,5,398,95,0.19,37
0.06911,45,4.261,0.437,6.739,30.8,6.48,5,398,93,0.46,30.5
0.08664,45,3.857,0.437,7.178,26.3,6.48,5,398,92,0.11,36.4
0.02187,60,3.355,0.401,6.8,9.9,6.22,1,265,54,0.07,31.1
0.01439,60,3.337,0.401,6.604,18.8,6.22,1,265,69,0.15,29.1
0.01381,80,0.525,0.422,7.875,32,5.648,4,255,51,0.34,31.9215642627806
0.04011,80,1.641,0.404,7.287,34.1,7.309,2,329,77,0.25,33.3
0.04666,80,1.72,0.404,7.107,36.6,7.309,2,329,79,0.27,30.3
0.03768,80,1.717,0.404,7.274,38.3,7.309,2,329,78,0.38,34.6
0.0315,95,1.744,0.403,6.975,15.3,7.653,3,402,97,0.3,34.9
0.01778,95,1.818,0.403,7.135,13.9,7.653,3,402,89,0.34,32.9
0.03445,82.5,2.516,0.415,6.162,38.4,6.27,2,348,88,0.18,24.1
0.02177,82.5,2.26,0.415,7.61,15.7,6.27,2,348,83,0.19,42.3
0.0351,95,2.999,0.416,7.853,33.2,5.118,4,224,54,0.02,48.5
0.02009,95,2.949,0.416,8.034,31.9,5.118,4,224,46,0.32,35.6052569868616
0.13642,3.873,11.881,0.489,5.891,22.3,3.945,4,277,72,0.34,22.6
0.22969,3.873,13.533,0.489,6.326,52.5,4.355,4,277,73,0.14,24.4
0.25199,3.873,11.228,0.489,5.783,72.7,4.355,4,277,65,0.47,22.5
0.13587,3.873,12.793,0.489,6.064,59.1,4.239,4,277,57,0.11,24.4
0.43571,3.873,12.393,0.489,5.344,100,3.875,4,277,63,0.19,20
0.17446,3.873,13.535,0.489,5.96,92.1,3.877,4,277,55,0.48,21.7
0.37578,3.873,12.024,0.489,5.404,88.6,3.665,4,277,67,0.27,19.3
0.21719,3.873,11.461,0.489,5.807,53.8,3.653,4,277,67,0.03,22.4
0.14052,3.873,12.947,0.489,6.375,32.3,3.945,4,277,63,0.05,28.1
0.28955,3.873,11.197,0.489,5.412,9.8,3.587,4,277,58,0.4,23.7
0.19802,3.873,10.88,0.489,6.182,42.4,3.945,4,277,66,0.26,25
0.0456,3.873,16.782,0.55,5.888,56,3.112,5,276,65,0.19,23.3
0.07013,3.873,16.199,0.55,6.642,85.1,3.421,5,276,61,0.12,28.7
0.11069,3.873,15.022,0.55,5.951,93.8,2.889,5,276,71,0.39,21.5
0.11425,3.873,16.711,0.55,6.373,92.4,3.363,5,276,60,0.02,23
0.35809,3.873,6.776,0.507,6.951,88.5,2.862,8,307,63,0.45,26.7
0.40771,3.873,6.573,0.507,6.164,91.3,3.048,8,307,76,0.28,21.7
0.62356,3.873,6.266,0.507,6.879,77.7,3.272,8,307,61,0.45,27.5
0.6147,3.873,6.349,0.507,6.618,80.8,3.272,8,307,79,0.08,30.1
0.31533,3.873,7.447,0.504,8.266,78.3,2.894,8,307,75,0,44.8
0.52693,3.873,6.266,0.504,8.725,83,2.894,8,307,66,0.15,11.8421118599222
0.38214,3.873,6.78,0.504,8.04,86.5,3.216,8,307,74,0.32,37.6
0.41238,3.873,6.817,0.504,7.163,79.9,3.216,8,307,64,0.43,31.6
0.29819,3.873,7.442,0.504,7.686,17,3.375,8,307,67,0.34,46.7
0.44178,3.873,6.299,0.504,6.552,21.4,3.375,8,307,75,0.36,31.5
0.537,3.873,6.503,0.504,5.981,68.1,3.672,8,307,76,0.33,24.3
0.46296,3.873,7.061,0.504,7.412,76.9,3.672,8,307,73,0.21,31.7
0.57529,3.873,6.421,0.507,8.337,73.3,3.838,8,307,76,0.32,41.7
0.33147,3.873,6.796,0.507,8.247,70.4,3.652,8,307,80,0.27,48.3
0.44791,3.873,7.394,0.507,6.726,66.5,3.652,8,307,70,0.04,29
0.33045,3.873,6.215,0.507,6.086,61.5,3.652,8,307,68,0.11,24
0.52058,3.873,7.588,0.507,6.631,76.5,4.148,8,307,76,0.39,25.1
0.51183,3.873,6.995,0.507,7.358,71.6,4.148,8,307,64,0.22,31.5
0.08244,30,5.314,0.428,6.481,18.5,6.19,6,300,66,0.07,23.7
0.09252,30,5.784,0.428,6.606,42.2,6.19,6,300,73,0.37,23.3
0.11329,30,6.056,0.428,6.897,54.3,6.336,6,300,74,0.45,22
0.10612,30,6.372,0.428,6.095,65.1,6.336,6,300,72,0.38,20.1
0.1029,30,5.636,0.428,6.358,52.9,7.036,6,300,66,0.11,22.2
0.12757,30,6.185,0.428,6.393,7.8,7.036,6,300,65,0.39,23.7
0.20608,22,5.986,0.431,5.593,76.5,7.955,7,330,72,0.1,17.6
0.19133,22,6.8,0.431,5.605,70.2,7.955,7,330,73,0.46,18.5
0.33983,22,7.082,0.431,6.108,34.9,8.056,7,330,75,0.1,24.3
0.19657,22,6.036,0.431,6.226,79.2,8.056,7,330,75,0.08,20.5
0.16439,22,5.942,0.431,6.433,49.1,7.827,7,330,71,0,24.5
0.19073,22,6.411,0.431,6.718,17.5,7.827,7,330,83,0.19,26.2
0.1403,22,6.389,0.431,6.487,13,7.397,7,330,80,0.2,24.4
0.21409,22,7.376,0.431,6.438,8.9,7.397,7,330,70,0.21,24.8
0.08221,22,6.521,0.431,6.957,6.8,8.907,7,330,80,0.28,29.6
0.36894,22,7.012,0.431,8.259,8.4,8.907,7,330,79,0.14,42.8
0.04819,80,4.659,0.392,6.108,32,9.22,1,315,79,0.35,21.9
0.03548,80,3.761,0.392,5.876,19.1,9.22,1,315,72,0.23,20.9
0.01538,90,4.107,0.394,7.454,34.2,6.336,3,244,65,0.45,44
0.61154,20,5.002,0.647,8.704,86.9,1.801,5,264,73,0.19,28.4293624308602
0.66351,20,4.372,0.647,7.333,100,1.895,5,264,64,0.15,36
0.65665,20,4.341,0.647,6.842,100,2.011,5,264,68,0.37,30.1
0.54011,20,4.792,0.647,7.203,81.8,2.112,5,264,62,0.12,33.8
0.53412,20,4.264,0.647,7.52,89.4,2.14,5,264,56,0.05,43.1
0.52014,20,4.844,0.647,8.398,91.5,2.288,5,264,58,0.09,48.8
0.82526,20,3.99,0.647,7.327,94.5,2.079,5,264,65,0.19,31
0.55007,20,4.619,0.647,7.206,91.6,1.93,5,264,55,0.03,36.5
0.76162,20,4.972,0.647,5.56,62.8,1.986,5,264,60,0.3,22.8
0.7857,20,5.09,0.647,7.014,84.6,2.133,5,264,65,0.04,30.7
0.57834,20,5.031,0.575,8.297,67,2.422,5,264,64,0.21,23.0248374570067
0.5405,20,4.447,0.575,7.47,52.6,2.872,5,264,67,0.33,43.5
0.09065,20,8.966,0.464,5.92,61.5,3.918,3,223,57,0.1,20.7
0.29916,20,7.829,0.464,5.856,42.1,4.429,3,223,59,0.45,21.1
0.16211,20,7.774,0.464,6.24,16.3,4.429,3,223,55,0.3,25.2
0.1146,20,8.579,0.464,6.538,58.7,3.918,3,223,49,0.21,24.4
0.22188,20,7.418,0.464,7.691,51.8,4.367,3,223,58,0.27,35.2
0.05644,40,7.213,0.447,6.758,32.9,4.078,4,254,60,0.16,32.4
0.09604,40,7.134,0.447,6.854,42.8,4.267,4,254,58,0.29,32
0.10469,40,6.872,0.447,7.267,49,4.787,4,254,64,0.29,33.2
0.06127,40,6.56,0.447,6.826,27.6,4.863,4,254,56,0.11,33.1
0.07978,40,6.516,0.447,6.482,32.1,4.14,4,254,56,0.22,29.1
0.21038,20,3.333,0.443,6.812,32.2,4.101,5,216,57,0.04,35.1
0.03578,20,3.923,0.443,7.82,64.5,4.695,5,216,45,0.25,45.4
0.03705,20,3.546,0.443,6.968,37.2,5.245,5,216,46,0.21,35.4
0.06129,20,3.579,0.443,7.645,49.7,5.212,5,216,51,0.32,46
0.01501,90,1.432,0.401,7.923,24.8,5.885,1,198,58,0.28,29.7091282665123
0.00906,90,3.662,0.4,7.088,20.8,7.307,1,285,66,0.05,32.2
0.01096,55,2.377,0.389,6.453,31.9,7.307,1,300,73,0.12,22
0.01965,80,2.129,0.385,6.23,31.5,9.089,1,241,67,0.45,20.1
0.03871,52.5,6.889,0.405,6.209,31.3,7.317,6,293,72,0.46,23.2
0.0459,52.5,5.43,0.405,6.315,45.6,7.317,6,293,61,0.13,22.3
0.04297,52.5,6.49,0.405,6.565,22.9,7.317,6,293,72,0.19,24.8
0.03502,80,5.556,0.411,6.861,27.9,5.117,4,245,57,0.37,28.5
0.07886,80,5.494,0.411,7.148,27.7,5.117,4,245,64,0.12,37.3
0.03615,80,5.285,0.411,6.63,23.4,5.117,4,245,67,0.4,27.9
0.08265,3.873,15.872,0.437,6.127,18.4,5.503,4,289,60,0.46,23.9
0.08199,3.873,15.637,0.437,6.009,42.3,5.503,4,289,73,0.31,21.7
0.12932,3.873,15.216,0.437,6.678,31.1,5.96,4,289,77,0.48,28.6
0.05372,3.873,14.849,0.437,6.549,51,5.96,4,289,61,0.14,27.1
0.14103,3.873,15.863,0.437,5.79,58,6.32,4,289,74,0.07,20.3
0.06466,70,2.701,0.4,6.345,20.1,7.828,5,358,80,0.19,22.5
0.05561,70,2.622,0.4,7.041,10,7.828,5,358,90,0.21,29
0.04417,70,2.551,0.4,6.871,47.4,7.828,5,358,81,0.39,24.8
0.03537,34,6.792,0.433,6.59,40.4,5.492,7,329,76,0.16,22
0.09266,34,7.828,0.433,6.495,18.4,5.492,7,329,76,0.21,26.4
0.1,34,7.625,0.433,6.982,17.7,5.492,7,329,80,0.17,33.1
0.05515,33,2.686,0.472,7.236,41.1,4.022,7,222,46,0.02,36.1
0.05479,33,2.462,0.472,6.616,58.1,3.37,7,222,54,0.32,28.4
0.07503,33,2.433,0.472,7.42,71.9,3.099,7,222,56,0.07,33.4
0.04932,33,2.329,0.472,6.849,70.3,3.183,7,222,48,0.26,28.2
0.49298,3.873,12.75,0.544,6.635,82.5,3.317,4,304,65,0.24,22.8
0.3494,3.873,11.648,0.544,5.972,76.7,3.102,4,304,72,0.13,20.3
2.63548,3.873,12.255,0.544,4.973,37.8,2.519,4,304,65,0.37,16.1
0.79041,3.873,12.735,0.544,6.122,52.8,2.64,4,304,75,0,22.1
0.26169,3.873,12.012,0.544,6.023,90.4,2.834,4,304,74,0.39,19.4
0.26938,3.873,11.833,0.544,6.266,82.8,3.263,4,304,68,0.06,21.6
0.3692,3.873,10.531,0.544,6.567,87.3,3.602,4,304,63,0.28,23.8
0.25356,3.873,10.927,0.544,5.705,77.7,3.945,4,304,74,0.38,16.2
0.31827,3.873,10.312,0.544,5.914,83.2,3.999,4,304,79,0.04,17.8
0.24522,3.873,11.282,0.544,5.782,71.7,4.032,4,304,67,0.19,19.8
0.40202,3.873,11.779,0.544,6.382,67.2,3.533,4,304,70,0.16,23.1
0.47547,3.873,12.351,0.544,6.113,58.8,4.002,4,304,74,0.29,21
0.1676,3.873,8.707,0.493,6.426,52.3,4.54,5,287,71,0.27,23.8
0.18159,3.873,7.854,0.493,6.376,54.3,4.54,5,287,68,0.06,23.1
0.35114,3.873,8.269,0.493,6.041,49.9,4.721,5,287,69,0.3,20.4
0.28392,3.873,9.097,0.493,5.708,74.3,4.721,5,287,65,0.16,18.5
0.34109,3.873,8.054,0.493,6.415,40.1,4.721,5,287,73,0.35,25
0.19186,3.873,7.853,0.493,6.431,14.7,5.416,5,287,70,0.44,24.6
0.30347,3.873,8.618,0.493,6.312,28.9,5.416,5,287,75,0.23,23
0.24103,3.873,9.068,0.493,6.083,43.7,5.416,5,287,68,0.27,22.2
0.06617,3.873,3.841,0.46,5.868,25.8,5.215,4,430,96,0.27,19.3
0.06724,3.873,3.328,0.46,6.333,17.2,5.215,4,430,100,0.23,22.6
0.04544,3.873,4.08,0.46,6.144,32.2,5.874,4,430,93,0.42,19.8
0.05023,35,7.457,0.438,5.706,28.4,6.641,1,304,72,0.18,17.1
0.03466,35,7.24,0.438,6.031,23.3,6.641,1,304,72,0.01,19.4
0.05083,3.873,5.736,0.515,6.316,38.1,6.458,5,224,56,0.1,22.2
0.03738,3.873,6.248,0.515,6.31,38.5,6.458,5,224,47,0.17,20.7
0.03961,3.873,5.991,0.515,6.037,34.5,5.985,5,224,59,0.03,21.1
0.03427,3.873,6.131,0.515,5.869,46.3,5.231,5,224,59,0.3,19.5
0.03041,3.873,6.299,0.515,5.895,59.6,5.615,5,224,58,0.41,18.5
0.03306,3.873,5.797,0.515,6.059,37.3,4.812,5,224,50,0.16,20.6
0.05497,3.873,6.394,0.515,5.985,45.4,4.812,5,224,52,0.31,19
0.06151,3.873,5.317,0.515,5.968,58.5,4.812,5,224,45,0.05,18.7
0.01301,35,1.847,0.442,7.241,49.3,7.038,1,284,61,0.46,32.7
0.02498,3.873,2.368,0.518,6.54,59.7,6.267,1,422,100,0.39,16.5
0.02543,55,4.604,0.484,6.696,56.4,5.732,5,370,77,0.03,23.9
0.03049,55,3.953,0.484,6.874,28.1,6.465,5,370,91,0.34,31.2
0.03113,3.873,4.928,0.442,6.014,48.5,8.014,3,352,74,0.42,17.5
0.06162,3.873,4.69,0.442,5.898,52.3,8.014,3,352,81,0.44,17.2
0.0187,85,4.951,0.429,6.516,27.7,8.535,4,351,84,0.28,23.1
0.01501,80,2.532,0.435,6.635,29.7,8.344,4,280,68,0.28,24.5
0.02899,40,1.516,0.429,6.939,34.5,8.792,1,335,85,0.08,26.6
0.06211,40,1.26,0.429,6.49,44.4,8.792,1,335,78,0.23,22.9
0.0795,60,1.715,0.411,6.579,35.9,3.207,4,411,97,0.11,24.1
0.07244,60,2.066,0.411,5.884,18.5,3.207,4,411,94,0.17,18.6
0.01709,90,2.402,0.41,6.728,36.1,3.207,5,187,41,0.13,30.1
0.04301,80,2.225,0.413,5.663,21.9,3.207,4,334,71,0.32,18.2
0.10659,80,2.451,0.413,5.936,19.5,3.207,4,334,79,0.21,20.6
8.98296,3.873,22.089,0.77,6.212,97.4,2.122,24,666,140,0.18,17.8
3.8497,3.873,21.512,0.77,6.395,91,2.505,24,666,140,0.16,21.7
5.20177,3.873,21,0.77,6.127,83.4,2.723,24,666,144,0.06,22.7
4.26131,3.873,18.935,0.77,6.112,81.3,2.509,24,666,143,0.41,22.6
4.54192,3.873,19.284,0.77,6.398,88,2.518,24,666,152,0.04,25
3.83684,3.873,20.903,0.77,6.251,91.1,2.296,24,666,145,0.3,19.9
3.67822,3.873,19.741,0.77,5.362,96.2,2.104,24,666,142,0.07,20.8
4.22239,3.873,22.634,0.77,5.803,89,1.905,24,666,138,0.31,16.8
3.47428,3.873,19.636,0.718,8.78,82.9,1.905,24,666,145,0.31,21.9
4.55587,3.873,19.356,0.718,3.561,87.9,1.613,24,666,142,0.14,27.5
3.69695,3.873,21.528,0.718,4.963,91.4,1.752,24,666,139,0.16,21.9
13.5222,3.873,20.958,0.631,3.863,100,1.511,24,666,144,0.47,23.1
4.89822,3.873,18.667,0.631,4.97,100,1.332,24,666,143,0.44,4.68893864148578
5.66998,3.873,18.59,0.631,6.683,96.8,1.357,24,666,143,0.44,26.8525697654857
6.53876,3.873,21.064,0.631,7.016,97.5,1.202,24,666,145,0.31,8.18595641702987
9.2323,3.873,23.514,0.631,6.216,100,1.169,24,666,138,0.06,18.1894431426108
8.26725,3.873,23.515,0.668,5.875,89.6,1.13,24,666,143,0.47,25.3970180501185
11.1081,3.873,22.423,0.668,4.906,100,1.174,24,666,141,0.27,13.8
18.4982,3.873,23.18,0.668,4.138,100,1.137,24,666,138,0.49,13.8
19.6091,3.873,20.713,0.671,7.313,97.9,1.316,24,666,137,0.1,15
15.288,3.873,20.344,0.671,6.649,93.3,1.345,24,666,138,0.16,13.9
9.82349,3.873,19.121,0.671,6.794,98.8,1.358,24,666,152,0.35,13.3
23.6482,3.873,23.391,0.671,6.38,96.2,1.386,24,666,135,0.22,13.1
17.8667,3.873,21.35,0.671,6.223,100,1.386,24,666,138,0.43,10.2
88.9762,3.873,22.742,0.671,6.968,91.9,1.417,24,666,140,0.35,10.4
15.8744,3.873,20.672,0.671,6.545,99.1,1.519,24,666,151,0.47,10.9
9.18702,3.873,19.61,0.7,5.536,100,1.58,24,666,146,0.25,11.3
7.99248,3.873,19.701,0.7,5.52,100,1.533,24,666,148,0.31,12.3
20.0849,3.873,22.52,0.7,4.368,91.2,1.44,24,666,150,0.29,8.8
16.8118,3.873,18.153,0.7,5.277,98.1,1.426,24,666,141,0.45,7.2
24.3938,3.873,23.109,0.7,4.652,100,1.467,24,666,140,0.02,10.5
22.5971,3.873,20.686,0.7,5,89.5,1.518,24,666,137,0.48,7.4
14.3337,3.873,18.429,0.7,4.88,100,1.589,24,666,145,0.3,10.2
8.15174,3.873,18.596,0.7,5.39,98.9,1.728,24,666,148,0.3,11.5
6.96215,3.873,22.081,0.7,5.713,97,1.927,24,666,148,0.19,15.1
5.29305,3.873,21.128,0.7,6.051,82.5,2.168,24,666,145,0.41,23.2
11.5779,3.873,19.048,0.7,5.036,97,1.77,24,666,143,0.18,9.7
8.64476,3.873,20.904,0.693,6.193,92.6,1.791,24,666,152,0.41,13.8
13.3598,3.873,18.523,0.693,5.887,94.7,1.782,24,666,135,0.06,12.7
8.71675,3.873,23.175,0.693,6.471,98.8,1.726,24,666,141,0.09,13.1
5.87205,3.873,18.474,0.693,6.405,96,1.677,24,666,149,0.13,12.5
7.67202,3.873,18.567,0.693,5.747,98.9,1.633,24,666,141,0.16,8.5
38.3518,3.873,18.879,0.693,5.453,100,1.49,24,666,150,0.34,5
9.91655,3.873,19.243,0.693,5.852,77.8,1.5,24,666,143,0.3,6.3
25.0461,3.873,19.412,0.693,5.987,100,1.589,24,666,150,0.27,5.6
14.2362,3.873,19.102,0.693,6.343,100,1.574,24,666,136,0.38,7.2
9.59571,3.873,20.41,0.693,6.404,100,1.639,24,666,148,0.34,12.1
24.8017,3.873,23.3,0.693,5.349,96,1.703,24,666,134,0.32,8.3
41.5292,3.873,18.306,0.693,5.531,85.4,1.607,24,666,145,0.34,8.5
67.9208,3.873,21.437,0.693,5.683,100,1.425,24,666,141,0.03,5
20.7162,3.873,22.761,0.659,4.138,100,1.178,24,666,142,0.35,11.9
11.9511,3.873,21.54,0.659,5.608,100,1.285,24,666,152,0.24,27.9
7.40389,3.873,18.223,0.597,5.617,97.9,1.455,24,666,140,0.49,17.2
14.4383,3.873,20.638,0.597,6.852,100,1.466,24,666,144,0.35,27.5
51.1358,3.873,18.413,0.597,5.757,100,1.413,24,666,138,0.31,15
14.0507,3.873,20.652,0.597,6.657,100,1.528,24,666,147,0.36,17.2
18.811,3.873,21.545,0.597,4.628,100,1.554,24,666,145,0.31,17.9
28.6558,3.873,18.346,0.597,5.155,100,1.589,24,666,149,0.15,16.3
45.7461,3.873,21.19,0.693,4.519,100,1.658,24,666,152,0.31,7
18.0846,3.873,21.136,0.679,6.434,100,1.835,24,666,144,0.09,7.2
10.8342,3.873,19.431,0.679,6.782,90.8,1.819,24,666,145,0.39,7.5
25.9406,3.873,18.967,0.679,5.304,89.1,1.648,24,666,148,0.03,10.4
73.5341,3.873,19.07,0.679,5.957,100,1.803,24,666,151,0.12,8.8
11.8123,3.873,20.037,0.718,6.824,76.5,1.794,24,666,134,0.31,8.4
11.0874,3.873,21.026,0.718,6.411,100,1.859,24,666,145,0.28,16.7
7.02259,3.873,20.76,0.718,6.006,95.3,1.875,24,666,142,0.27,14.2
12.0482,3.873,22.755,0.614,5.648,87.6,1.951,24,666,146,0.4,20.8
7.05042,3.873,22.12,0.614,6.103,85.1,2.022,24,666,141,0.08,13.4
8.79212,3.873,21.314,0.584,5.565,70.6,2.063,24,666,144,0.28,11.7
15.8603,3.873,18.759,0.679,5.896,95.4,1.91,24,666,141,0.15,8.3
12.2472,3.873,20.285,0.584,5.837,59.7,1.998,24,666,138,0.38,10.2
37.6619,3.873,21.827,0.679,6.202,78.7,1.863,24,666,145,0.1,10.9
7.36711,3.873,19.879,0.679,6.193,78.1,1.936,24,666,141,0.3,11
9.33889,3.873,22.567,0.679,6.38,95.6,1.968,24,666,136,0.29,9.5
8.49213,3.873,19.102,0.584,6.348,86.1,2.053,24,666,153,0.02,14.5
10.0623,3.873,20.945,0.584,6.833,94.3,2.088,24,666,140,0.47,14.1
6.44405,3.873,20.934,0.584,6.425,74.8,2.2,24,666,144,0.43,16.1
5.58107,3.873,22.008,0.713,6.436,87.9,2.316,24,666,137,0.23,14.3
13.9134,3.873,19.928,0.713,6.208,95,2.222,24,666,143,0.24,11.7
11.1604,3.873,18.263,0.74,6.629,94.6,2.125,24,666,145,0.19,13.4
14.4208,3.873,18.989,0.74,6.461,93.3,2.003,24,666,136,0.22,9.6
15.1772,3.873,20.182,0.74,6.152,100,1.914,24,666,147,0.32,8.7
13.6781,3.873,21.087,0.74,5.935,87.9,1.821,24,666,146,0.19,8.4
9.39063,3.873,21.245,0.74,5.627,93.9,1.817,24,666,138,0.41,12.8
22.0511,3.873,22.119,0.74,5.818,92.4,1.866,24,666,147,0.33,10.5
9.72418,3.873,21.227,0.74,6.406,97.2,2.065,24,666,141,0.02,17.1
5.66637,3.873,20.029,0.74,6.219,100,2.005,24,666,138,0.04,18.4
9.96654,3.873,21.784,0.74,6.485,100,1.978,24,666,148,0.35,15.4
12.8023,3.873,21.174,0.74,5.854,96.6,1.896,24,666,140,0.35,10.8
10.6718,3.873,19.948,0.74,6.459,94.8,1.988,24,666,135,0.11,11.8
6.28807,3.873,18.194,0.74,6.341,96.4,2.072,24,666,149,0.03,14.9
9.92485,3.873,21.563,0.74,6.251,96.6,2.198,24,666,138,0.05,12.6
9.32909,3.873,22.836,0.713,6.185,98.7,2.262,24,666,151,0.32,14.1
7.52601,3.873,20.159,0.713,6.417,98.3,2.185,24,666,135,0.22,13
6.71772,3.873,23.001,0.713,6.749,92.6,2.324,24,666,142,0.31,13.4
5.44114,3.873,22.462,0.713,6.655,98.2,2.355,24,666,135,0,15.2
5.09017,3.873,19.754,0.713,6.297,91.8,2.368,24,666,148,0.36,16.1
8.24809,3.873,23.005,0.713,7.393,99.3,2.453,24,666,140,0.41,17.8
9.51363,3.873,18.386,0.713,6.728,94.1,2.496,24,666,147,0.1,14.9
4.75237,3.873,19.615,0.713,6.525,86.5,2.436,24,666,144,0.42,14.1
4.66883,3.873,23.202,0.713,5.976,87.9,2.581,24,666,141,0.17,12.7
8.20058,3.873,18.58,0.713,5.936,80.3,2.779,24,666,149,0.45,13.5
7.75223,3.873,18.766,0.713,6.301,83.7,2.783,24,666,143,0.28,14.9
6.80117,3.873,22.078,0.713,6.081,84.4,2.717,24,666,144,0.24,20
4.81213,3.873,19.453,0.713,6.701,90,2.598,24,666,143,0.25,16.4
3.69311,3.873,20.865,0.713,6.376,88.4,2.567,24,666,144,0.27,17.7
6.65492,3.873,23.07,0.713,6.317,83,2.734,24,666,143,0.19,19.5
5.82115,3.873,23.456,0.713,6.513,89.9,2.802,24,666,147,0.47,20.2
7.83932,3.873,21.28,0.655,6.209,65.4,2.963,24,666,144,0.21,21.4
3.1636,3.873,19.43,0.655,5.759,48.2,3.066,24,666,145,0.34,19.9
3.77498,3.873,18.74,0.655,5.952,84.7,2.872,24,666,149,0.04,19
4.42228,3.873,21.927,0.584,6.003,94.5,2.54,24,666,149,0.33,19.1
15.5757,3.873,22.821,0.58,5.926,71,2.908,24,666,141,0.45,19.1
13.0751,3.873,21.224,0.58,5.713,56.7,2.824,24,666,140,0.47,20.1
4.34879,3.873,18.976,0.58,6.167,84,3.033,24,666,153,0.48,19.9
4.03841,3.873,22.711,0.532,6.229,90.7,3.099,24,666,145,0.33,19.6
3.56868,3.873,22.599,0.58,6.437,75,2.897,24,666,139,0.41,23.2
4.64689,3.873,22.821,0.614,6.98,67.6,2.533,24,666,142,0.08,29.8
8.05579,3.873,21.733,0.584,5.427,95.4,2.43,24,666,134,0.25,13.8
6.39312,3.873,20.472,0.584,6.162,97.4,2.206,24,666,141,0.32,13.3
4.87141,3.873,18.424,0.614,6.484,93.6,2.305,24,666,151,0.25,16.7
15.0234,3.873,18.478,0.614,5.304,97.3,2.101,24,666,150,0.34,12
10.233,3.873,21.771,0.614,6.185,96.7,2.171,24,666,152,0.01,14.6
14.3337,3.873,19.88,0.614,6.229,88,1.951,24,666,150,0.19,21.4
5.82401,3.873,18.76,0.532,6.242,64.7,3.424,24,666,138,0.2,23
5.70818,3.873,20.084,0.532,6.75,74.9,3.332,24,666,141,0.13,23.7
5.73116,3.873,23.42,0.532,7.061,77,3.411,24,666,143,0.19,25
2.81838,3.873,18.71,0.532,5.762,40.3,4.098,24,666,138,0.25,21.8
2.37857,3.873,19.796,0.583,5.871,41.9,3.724,24,666,145,0.47,20.6
3.67367,3.873,21.83,0.583,6.312,51.9,3.992,24,666,137,0.29,21.2
5.69175,3.873,22.267,0.583,6.114,79.8,3.546,24,666,138,0.32,19.1
4.83567,3.873,23.386,0.583,5.905,53.2,3.152,24,666,137,0.28,20.6
0.15086,3.873,34.31,0.609,5.454,92.7,1.821,4,711,156,0.21,15.2
0.18337,3.873,31.961,0.609,5.414,98.3,1.755,4,711,147,0.17,7
0.20746,3.873,35.812,0.609,5.093,98,1.823,4,711,148,0.09,8.1
0.10574,3.873,30.716,0.609,5.983,98.8,1.868,4,711,162,0.43,13.6
0.11132,3.873,35.051,0.609,5.983,83.5,2.11,4,711,160,0.26,20.1
0.17331,3.873,11.527,0.585,5.707,54,2.382,6,391,85,0.16,21.8
0.27957,3.873,11.988,0.585,5.926,42.6,2.382,6,391,91,0.22,24.5
0.17899,3.873,9.882,0.585,5.67,28.8,2.799,6,391,84,0.37,23.1
0.2896,3.873,12.146,0.585,5.39,72.9,2.799,6,391,96,0.01,19.7
0.26838,3.873,9.741,0.585,5.794,70.6,2.893,6,391,86,0.33,18.3
0.23912,3.873,11.391,0.585,6.019,65.3,2.409,6,391,85,0.48,21.2
0.17783,3.873,10.798,0.585,5.569,73.5,2.4,6,391,91,0.11,17.5
0.22438,3.873,11.236,0.585,6.027,79.7,2.498,6,391,82,0.3,16.8
0.06263,3.873,12.236,0.573,6.593,69.1,2.479,1,273,64,0.38,22.4
0.04527,3.873,12.178,0.573,6.12,76.7,2.288,1,273,69,0.3,20.6
0.06076,3.873,13.278,0.573,6.976,91,2.168,1,273,61,0.22,23.9
0.10959,3.873,13.152,0.573,6.794,89.3,2.389,1,273,66,0.41,22
0.04741,3.873,12.565,0.573,6.03,80.8,2.505,1,273,55,0.28,11.9
